model,seed,precision,recall,f1,iou,map50,map5095
YL02,7,0.9768786120109257,0.958865247546904,0.9677876167452107,0.9233420305854322,0.987566718540265,0.8523109805172105
F02,7,0.938229237516658,0.9695035454116996,0.9536095448129673,0.9136726008371744,0.9842556950318825,0.8154918645396031
Re03,7,0.8198142409784431,0.939007091532619,0.8753714025442622,0.8807686834771291,0.9374278307904932,0.7284789377373296
YL02,42,0.9739884386026094,0.9560283681162919,0.9649243382934315,0.9232358335521398,0.987037274086027,0.8520724600135724
F02,42,0.9492703259560317,0.9687943255540465,0.9589324583118541,0.9143814210921467,0.9847669075197247,0.8219661959479795
Re03,42,0.8246268651588141,0.940425531247925,0.8787271357648859,0.8820984882382656,0.9377044453954391,0.7352128132714276
YL02,66,0.9797395072505503,0.96028368726221,0.9699135394703771,0.9235155409236353,0.9856912286409781,0.8537722484835486
F02,66,0.9498956152053614,0.9680851056963935,0.9589036089606475,0.9150440837047689,0.9845665269376683,0.8205758461144218
Re03,66,0.8258426961137061,0.9382978716749659,0.8784855572255644,0.8821739539397079,0.9396793283457774,0.7366798715092265
YL02,123,0.9804205939228277,0.958865247546904,0.9695226259354454,0.9250177212120572,0.9874128550944995,0.8571696613581359
F02,123,0.9531795940229352,0.9673758858387405,0.9602247721428732,0.9154541621843933,0.9840979228317044,0.8200589775059857
Re03,123,0.8140394083657392,0.937588651817313,0.8714563245896771,0.879435097656379,0.9382156070327093,0.7303880667110151
YL02,777,0.9760869558144296,0.9553191482586388,0.9655908972153512,0.9246648490664016,0.9857079246736594,0.8508619075547584
F02,777,0.9479528098903865,0.9687943255540465,0.9582597589451983,0.9144449972647619,0.9839762372049129,0.8171870529060099
Re03,777,0.8210068360341785,0.93687943195966,0.8751237149086569,0.882372174739128,0.93786398206967,0.7325315870546399
YL02,1024,0.9804772227183822,0.9617021269775161,0.9709984252378181,0.9233027296149298,0.9869640728794692,0.8516944846610016
F02,1024,0.948575398923853,0.9680851056963935,0.9582304576103463,0.9145882724531859,0.9841574772930447,0.8181755596826763
Re03,1024,0.822832189131109,0.9354609922443539,0.8755388310425342,0.8796372515011432,0.9394732717682545,0.7322804516075865
YL02,2027,0.984011627191852,0.96028368726221,0.9720023708773067,0.9240427174091609,0.9882265602991629,0.8569958758708641
F02,2027,0.951849266607223,0.9673758858387405,0.9595492707262316,0.9157513642054848,0.9836505609623973,0.8220075982955783
Re03,2027,0.8226509017905097,0.937588651817313,0.8763667537884784,0.8833488671459326,0.9376987451195767,0.7353588428492682
YL02,3407,0.9769119762071341,0.96028368726221,0.9685259657248472,0.9232191827211828,0.9897088283870303,0.8573833531908516
F02,3407,0.950591509428955,0.9687943255540465,0.9596061028133325,0.9151463445570617,0.9834432546215374,0.8171692823053236
Re03,3407,0.8258426961137061,0.9382978716749659,0.8784855572255644,0.8795237146282326,0.9414986089900036,0.7365416305439968
YL02,4096,0.9832483605365998,0.957446807831598,0.9701755683817184,0.9241430638738594,0.9857052146035586,0.8546405762635448
F02,4096,0.9539427767243943,0.9695035454116996,0.9616597174359668,0.9152205391050496,0.9846909261731484,0.8206412913337777
Re03,4096,0.8220286242551159,0.93687943195966,0.8757038436132468,0.8816331621319863,0.9369211350930625,0.7328100750480957
YL02,9999,0.9818840572595042,0.9609929071198631,0.9713256642363282,0.9239432167132675,0.987340588230653,0.8529452191490258
F02,9999,0.9473319466754455,0.9695035454116996,0.9582890191990945,0.9141223235890689,0.98447340550554,0.8196480193105957
Re03,9999,0.818181817672365,0.9319148929560886,0.8713522866799911,0.881112705718373,0.9389606455956921,0.734485675409721
